"Training Data Accuracy","Testing Data Accuracy"
"0.117233","0.113700"
"0.912967","0.918400"
"0.933817","0.930600"
"0.938883","0.933000"
"0.942100","0.937400"
"0.950983","0.942800"
